{
  "samples": [
    {
      "name": "wingsuit",
      "latent_steps": 185,
      "fps": 6,
      "duration_sec": 30.833333333333332,
      "grid_vmax_99_5_abs": 2.78125,
      "heat_vmax_99_5_absmean": 1.7945556640625,
      "pca_mean": [
        1.094531774520874,
        0.16398094594478607,
        0.25720977783203125,
        0.4754255712032318,
        0.044078584760427475,
        -0.5063990950584412,
        -0.5656104683876038,
        0.0869995579123497,
        -0.6918033957481384,
        -0.06626900285482407,
        0.7848749756813049,
        -0.10605832189321518,
        -0.27742335200309753,
        0.0832819789648056,
        0.6884558200836182,
        0.23752038180828094
      ],
      "pca_basis": [
        [
          -0.2030131220817566,
          -0.2394833266735077,
          -0.1372082382440567
        ],
        [
          -0.09438592940568924,
          0.285756915807724,
          -0.34151148796081543
        ],
        [
          -0.3352290391921997,
          0.08184449374675751,
          -0.32162413001060486
        ],
        [
          -0.35521066188812256,
          0.02969931811094284,
          -0.07053325325250626
        ],
        [
          0.1491389274597168,
          0.12990811467170715,
          -0.4328696131706238
        ],
        [
          -0.0613449290394783,
          -0.3279353082180023,
          0.047279953956604004
        ],
        [
          0.20436182618141174,
          0.32295629382133484,
          0.03397895768284798
        ],
        [
          0.06808485835790634,
          -0.4005903899669647,
          0.29283779859542847
        ],
        [
          0.3472854495048523,
          0.09729093313217163,
          -0.03959370777010918
        ],
        [
          0.2770336866378784,
          -0.16061429679393768,
          -0.21190103888511658
        ],
        [
          -0.2561129331588745,
          -0.25234487652778625,
          -0.047883402556180954
        ],
        [
          -0.23100484907627106,
          0.3933967351913452,
          0.2651122510433197
        ],
        [
          0.2183249443769455,
          0.3489064872264862,
          0.4387965500354767
        ],
        [
          0.18834355473518372,
          0.12853986024856567,
          -0.3816200792789459
        ],
        [
          -0.3672727644443512,
          0.13813325762748718,
          0.14961065351963043
        ],
        [
          -0.3233862519264221,
          0.2306048423051834,
          -0.00022105207608547062
        ]
      ],
      "pca_low_p1": [
        -6.350630283355713,
        -3.898453712463379,
        -2.338568687438965
      ],
      "pca_high_p99": [
        6.011600017547607,
        3.5333261489868164,
        2.070324659347534
      ],
      "grid_video": "/root/LatentsCompress/examples/vbench_codec/latent_visualization_videos/wingsuit/wingsuit_latent_grid.mp4",
      "heatmap_video": "/root/LatentsCompress/examples/vbench_codec/latent_visualization_videos/wingsuit/wingsuit_latent_heatmap.mp4",
      "pca_rgb_video": "/root/LatentsCompress/examples/vbench_codec/latent_visualization_videos/wingsuit/wingsuit_latent_pca_rgb.mp4",
      "preview_triptych": "/root/LatentsCompress/examples/vbench_codec/latent_visualization_videos/wingsuit/wingsuit_preview_triptych.png"
    },
    {
      "name": "neon",
      "latent_steps": 185,
      "fps": 6,
      "duration_sec": 30.833333333333332,
      "grid_vmax_99_5_abs": 3.46875,
      "heat_vmax_99_5_absmean": 1.8233413696289062,
      "pca_mean": [
        0.8304798007011414,
        1.099047303199768,
        -0.17275157570838928,
        -0.3656689524650574,
        0.4143531620502472,
        -0.5198166966438293,
        0.23817799985408783,
        -0.025772681459784508,
        0.16710765659809113,
        0.3995530605316162,
        -0.13500480353832245,
        -0.49996036291122437,
        -0.5584354996681213,
        1.2167123556137085,
        0.2879498302936554,
        -0.18184269964694977
      ],
      "pca_basis": [
        [
          -0.023090653121471405,
          -0.4224259555339813,
          0.36530885100364685
        ],
        [
          0.06066574901342392,
          0.14654339849948883,
          0.5278621315956116
        ],
        [
          0.4311583936214447,
          0.1302734613418579,
          -0.2632008194923401
        ],
        [
          0.42586225271224976,
          0.005331982392817736,
          -0.11053160578012466
        ],
        [
          -0.0600023977458477,
          0.39095398783683777,
          -0.04533695802092552
        ],
        [
          -0.01300728414207697,
          -0.15679174661636353,
          -0.42346638441085815
        ],
        [
          -0.10008037835359573,
          0.30567190051078796,
          0.1695423126220703
        ],
        [
          -0.26272496581077576,
          -0.48215600848197937,
          0.06142677739262581
        ],
        [
          -0.2493172287940979,
          0.21242880821228027,
          -0.05929325893521309
        ],
        [
          -0.21035705506801605,
          0.05797385424375534,
          0.10203148424625397
        ],
        [
          0.16692610085010529,
          -0.30415356159210205,
          -0.0004203255521133542
        ],
        [
          0.32551413774490356,
          0.13696333765983582,
          0.2892917990684509
        ],
        [
          -0.1037096232175827,
          0.2670849561691284,
          0.23384331166744232
        ],
        [
          -0.23660676181316376,
          0.07519810646772385,
          0.1279115527868271
        ],
        [
          0.26777225732803345,
          -0.20198464393615723,
          0.3393974304199219
        ],
        [
          0.40871375799179077,
          0.046915993094444275,
          0.09311999380588531
        ]
      ],
      "pca_low_p1": [
        -5.578930377960205,
        -5.9541425704956055,
        -3.7699365615844727
      ],
      "pca_high_p99": [
        7.643694877624512,
        4.6439409255981445,
        2.7365689277648926
      ],
      "grid_video": "/root/LatentsCompress/examples/vbench_codec/latent_visualization_videos/neon/neon_latent_grid.mp4",
      "heatmap_video": "/root/LatentsCompress/examples/vbench_codec/latent_visualization_videos/neon/neon_latent_heatmap.mp4",
      "pca_rgb_video": "/root/LatentsCompress/examples/vbench_codec/latent_visualization_videos/neon/neon_latent_pca_rgb.mp4",
      "preview_triptych": "/root/LatentsCompress/examples/vbench_codec/latent_visualization_videos/neon/neon_preview_triptych.png"
    },
    {
      "name": "avalanche",
      "latent_steps": 185,
      "fps": 6,
      "duration_sec": 30.833333333333332,
      "grid_vmax_99_5_abs": 3.171875,
      "heat_vmax_99_5_absmean": 1.79962158203125,
      "pca_mean": [
        1.9372140169143677,
        1.0740909576416016,
        0.8237705230712891,
        1.0810686349868774,
        -0.5657155513763428,
        -0.3015023171901703,
        -0.923965334892273,
        0.2877958416938782,
        -1.4034836292266846,
        -0.27636590600013733,
        1.379709005355835,
        0.44211649894714355,
        -1.2988752126693726,
        -0.12781763076782227,
        1.6022087335586548,
        0.9872913956642151
      ],