{
  "name": "wingsuit",
  "latent_steps": 185,
  "fps": 6,
  "duration_sec": 30.833333333333332,
  "grid_vmax_99_5_abs": 2.78125,
  "heat_vmax_99_5_absmean": 1.7945556640625,
  "pca_mean": [
    1.094531774520874,
    0.16398094594478607,
    0.25720977783203125,
    0.4754255712032318,
    0.044078584760427475,
    -0.5063990950584412,
    -0.5656104683876038,
    0.0869995579123497,
    -0.6918033957481384,
    -0.06626900285482407,
    0.7848749756813049,
    -0.10605832189321518,
    -0.27742335200309753,
    0.0832819789648056,
    0.6884558200836182,
    0.23752038180828094
  ],
  "pca_basis": [
    [
      -0.2030131220817566,
      -0.2394833266735077,
      -0.1372082382440567
    ],
    [
      -0.09438592940568924,
      0.285756915807724,
      -0.34151148796081543
    ],
    [
      -0.3352290391921997,
      0.08184449374675751,
      -0.32162413001060486
    ],
    [
      -0.35521066188812256,
      0.02969931811094284,
      -0.07053325325250626
    ],
    [
      0.1491389274597168,
      0.12990811467170715,
      -0.4328696131706238
    ],
    [
      -0.0613449290394783,
      -0.3279353082180023,
      0.047279953956604004
    ],
    [
      0.20436182618141174,
      0.32295629382133484,
      0.03397895768284798
    ],
    [
      0.06808485835790634,
      -0.4005903899669647,
      0.29283779859542847
    ],
    [
      0.3472854495048523,
      0.09729093313217163,
      -0.03959370777010918
    ],
    [
      0.2770336866378784,
      -0.16061429679393768,
      -0.21190103888511658
    ],
    [
      -0.2561129331588745,
      -0.25234487652778625,
      -0.047883402556180954
    ],
    [
      -0.23100484907627106,
      0.3933967351913452,
      0.2651122510433197
    ],
    [
      0.2183249443769455,
      0.3489064872264862,
      0.4387965500354767
    ],
    [
      0.18834355473518372,
      0.12853986024856567,
      -0.3816200792789459
    ],
    [
      -0.3672727644443512,
      0.13813325762748718,
      0.14961065351963043
    ],
    [
      -0.3233862519264221,
      0.2306048423051834,
      -0.00022105207608547062
    ]
  ],
  "pca_low_p1": [
    -6.350630283355713,
    -3.898453712463379,
    -2.338568687438965
  ],
  "pca_high_p99": [
    6.011600017547607,
    3.5333261489868164,
    2.070324659347534
  ],
  "grid_video": "/root/LatentsCompress/examples/vbench_codec/latent_visualization_videos/wingsuit/wingsuit_latent_grid.mp4",
  "heatmap_video": "/root/LatentsCompress/examples/vbench_codec/latent_visualization_videos/wingsuit/wingsuit_latent_heatmap.mp4",
  "pca_rgb_video": "/root/LatentsCompress/examples/vbench_codec/latent_visualization_videos/wingsuit/wingsuit_latent_pca_rgb.mp4",
  "preview_triptych": "/root/LatentsCompress/examples/vbench_codec/latent_visualization_videos/wingsuit/wingsuit_preview_triptych.png"
}