{
  "sample": "neon",
  "frame_t": 140,
  "frame_t1": 141,
  "frame_t4": 144,
  "latent_t": 35,
  "latent_t1": 36,
  "video_t_to_t1_stats": {
    "mean": 0.012466912157833576,
    "max": 0.620036780834198,
    "p95": 0.06110391020774841,
    "frac_for_50": 0.026458333333333334,
    "frac_for_80": 0.09902777777777778
  },
  "video_t_to_t4_stats": {
    "mean": 0.04042809456586838,
    "max": 0.9254698753356934,
    "p95": 0.18808308243751526,
    "frac_for_50": 0.05583333333333333,
    "frac_for_80": 0.21791666666666668
  },
  "latent_t_to_t1_stats": {
    "mean": 1.0937551259994507,
    "max": 1.721710205078125,
    "p95": 1.3791229724884033,
    "frac_for_50": 0.42083333333333334,
    "frac_for_80": 0.71375
  }
}