{
  "name": "avalanche",
  "latent_steps": 185,
  "fps": 6,
  "duration_sec": 30.833333333333332,
  "grid_vmax_99_5_abs": 3.171875,
  "heat_vmax_99_5_absmean": 1.79962158203125,
  "pca_mean": [
    1.9372140169143677,
    1.0740909576416016,
    0.8237705230712891,
    1.0810686349868774,
    -0.5657155513763428,
    -0.3015023171901703,
    -0.923965334892273,
    0.2877958416938782,
    -1.4034836292266846,
    -0.27636590600013733,
    1.379709005355835,
    0.44211649894714355,
    -1.2988752126693726,
    -0.12781763076782227,
    1.6022087335586548,
    0.9872913956642151
  ],
  "pca_basis": [
    [
      -0.05938565731048584,
      0.2976920008659363,
      -0.18941059708595276
    ],
    [
      0.07459143549203873,
      -0.3308957815170288,
      -0.47749748826026917
    ],
    [
      0.4226219654083252,
      0.003806132124736905,
      0.059664275497198105
    ],
    [
      0.4099043011665344,
      0.0850013718008995,
      0.09003480523824692
    ],
    [
      -0.024445461109280586,
      -0.25565508008003235,
      -0.1348871886730194
    ],
    [
      -0.043817512691020966,
      0.2995566129684448,
      -0.3426433205604553
    ],
    [
      -0.06412622332572937,
      -0.3822494149208069,
      -0.07765644043684006
    ],
    [
      -0.29974082112312317,
      0.36504122614860535,
      -0.017365150153636932
    ],
    [
      -0.23708923161029816,
      -0.2712953984737396,
      0.23396141827106476
    ],
    [
      -0.24749726057052612,
      -0.16118502616882324,
      0.24926473200321198
    ],
    [
      0.12355639040470123,
      0.30796173214912415,
      -0.015628168359398842
    ],
    [
      0.35484060645103455,
      -0.23158890008926392,
      -0.12879471480846405
    ],
    [
      -0.05462395027279854,
      -0.23380020260810852,
      -0.4802391231060028
    ],
    [
      -0.20795682072639465,
      -0.18129678070545197,
      0.2284814715385437
    ],
    [
      0.27077558636665344,
      0.1148756742477417,
      -0.1396067887544632
    ],
    [
      0.4118383824825287,
      -0.10677650570869446,
      0.38274794816970825
    ]
  ],
  "pca_low_p1": [
    -6.916679382324219,
    -4.784248352050781,
    -2.154648780822754
  ],
  "pca_high_p99": [
    4.172434329986572,
    3.19783353805542,
    2.396279811859131
  ],
  "grid_video": "/root/LatentsCompress/examples/vbench_codec/latent_visualization_videos/avalanche/avalanche_latent_grid.mp4",
  "heatmap_video": "/root/LatentsCompress/examples/vbench_codec/latent_visualization_videos/avalanche/avalanche_latent_heatmap.mp4",
  "pca_rgb_video": "/root/LatentsCompress/examples/vbench_codec/latent_visualization_videos/avalanche/avalanche_latent_pca_rgb.mp4",
  "preview_triptych": "/root/LatentsCompress/examples/vbench_codec/latent_visualization_videos/avalanche/avalanche_preview_triptych.png"
}