{
  "samples": {
    "wingsuit": {
      "video_t_to_t1": {
        "top1_share": 0.13356390511672755,
        "top5_share": 0.36922112117158484,
        "top10_share": 0.5178026902934872,
        "frac_for_50": 0.09677517361111111,
        "frac_for_80": 0.3111859809027778,
        "gini": 0.6504228387097803,
        "support_over_mean": 0.25418945312499996,
        "changed_only_mean_ratio": 3.0641291514279296,
        "block_support_over_mean": 0.28696732954545456,
        "block_top10_share": 0.44436298206461616,
        "block_frac_for_80": 0.37485795454545456,
        "num_pairs_sampled": 64,
        "grid": "90x160 pooled from RGB frame diffs",
        "block": "4x4 on pooled grid"
      },
      "video_t_to_t4": {
        "top1_share": 0.10042617614655602,
        "top5_share": 0.33147868649288353,
        "top10_share": 0.4943067332902096,
        "frac_for_50": 0.1058767361111111,
        "frac_for_80": 0.3144943576388889,
        "gini": 0.6392893440504859,
        "support_over_mean": 0.2644498697916666,
        "changed_only_mean_ratio": 2.9612303856789053,
        "block_support_over_mean": 0.2830433238636364,
        "block_top10_share": 0.44324457121955996,
        "block_frac_for_80": 0.36358309659090915,
        "num_pairs_sampled": 64,
        "grid": "90x160 pooled from RGB frame diffs",
        "block": "4x4 on pooled grid"
      },
      "latent_t_to_t1": {
        "top1_share": 0.0412144511073544,
        "top5_share": 0.15774202946127888,
        "top10_share": 0.26599232117336724,
        "frac_for_50": 0.2590115017361111,
        "frac_for_80": 0.5808485243055556,
        "gini": 0.34742312700015826,
        "support_over_mean": 0.3580284288194444,
        "changed_only_mean_ratio": 1.7635196296395568,
        "block_support_over_mean": 0.3607954545454546,
        "block_top10_share": 0.2515424909133517,
        "block_frac_for_80": 0.6050248579545454,
        "num_pairs_sampled": 64,
        "grid": "90x160 latent spatial grid, abs diff mean over channels",
        "block": "4x4 on latent grid"
      }
    },
    "neon": {
      "video_t_to_t1": {
        "top1_share": 0.10885960112558325,
        "top5_share": 0.3550399801367223,
        "top10_share": 0.5215652186233948,
        "frac_for_50": 0.11038194444444444,
        "frac_for_80": 0.2778211805555556,
        "gini": 0.6701352670060359,
        "support_over_mean": 0.27269856770833334,
        "changed_only_mean_ratio": 3.3229758083496774,
        "block_support_over_mean": 0.3120738636363636,
        "block_top10_share": 0.44223129556680485,
        "block_frac_for_80": 0.3360617897727273,
        "num_pairs_sampled": 64,
        "grid": "90x160 pooled from RGB frame diffs",
        "block": "4x4 on pooled grid"
      },
      "video_t_to_t4": {
        "top1_share": 0.06289563135234275,
        "top5_share": 0.24889870691587404,
        "top10_share": 0.4110989192511819,
        "frac_for_50": 0.15281901041666668,
        "frac_for_80": 0.34266276041666666,
        "gini": 0.5905621278117813,
        "support_over_mean": 0.33210069444444446,
        "changed_only_mean_ratio": 2.6385504414383782,
        "block_support_over_mean": 0.35706676136363635,
        "block_top10_share": 0.36935957642034806,
        "block_frac_for_80": 0.38382457386363633,
        "num_pairs_sampled": 64,
        "grid": "90x160 pooled from RGB frame diffs",
        "block": "4x4 on pooled grid"
      },
      "latent_t_to_t1": {
        "top1_share": 0.025216711605381546,
        "top5_share": 0.1109613408572484,
        "top10_share": 0.20330543978017862,
        "frac_for_50": 0.3153656684027778,
        "frac_for_80": 0.6125499131944444,
        "gini": 0.2789984988378998,
        "support_over_mean": 0.44819552951388886,
        "changed_only_mean_ratio": 1.479544019947664,
        "block_support_over_mean": 0.45678267045454546,
        "block_top10_share": 0.19346476493576817,
        "block_frac_for_80": 0.63046875,
        "num_pairs_sampled": 64,
        "grid": "90x160 latent spatial grid, abs diff mean over channels",
        "block": "4x4 on latent grid"
      }
    },
    "avalanche": {
      "video_t_to_t1": {
        "top1_share": 0.12196921569056171,
        "top5_share": 0.3747950041297518,
        "top10_share": 0.5503199805513144,
        "frac_for_50": 0.08481662326388889,
        "frac_for_80": 0.2530989583333333,
        "gini": 0.7046745348166467,
        "support_over_mean": 0.25069335937500004,
        "changed_only_mean_ratio": 3.2778963413509663,
        "block_support_over_mean": 0.29272017045454546,
        "block_top10_share": 0.45856285139873354,
        "block_frac_for_80": 0.3107599431818182,
        "num_pairs_sampled": 64,
        "grid": "90x160 pooled from RGB frame diffs",
        "block": "4x4 on pooled grid"
      },
      "video_t_to_t4": {
        "top1_share": 0.08064506971497061,
        "top5_share": 0.29356356579596354,
        "top10_share": 0.464234541663182,
        "frac_for_50": 0.11534722222222221,
        "frac_for_80": 0.3024728732638889,
        "gini": 0.6457411462543304,
        "support_over_mean": 0.2919802517361111,
        "changed_only_mean_ratio": 2.786368960546234,
        "block_support_over_mean": 0.320703125,
        "block_top10_share": 0.4086491108859653,
        "block_frac_for_80": 0.3464488636363636,
        "num_pairs_sampled": 64,
        "grid": "90x160 pooled from RGB frame diffs",
        "block": "4x4 on pooled grid"
      },
      "latent_t_to_t1": {
        "top1_share": 0.030068890882127677,
        "top5_share": 0.12527103081644536,
        "top10_share": 0.22353549211635038,
        "frac_for_50": 0.28663628472222225,
        "frac_for_80": 0.5891959635416666,
        "gini": 0.3182153322574348,
        "support_over_mean": 0.42382703993055554,
        "changed_only_mean_ratio": 1.5565436727529072,
        "block_support_over_mean": 0.43631036931818185,
        "block_top10_share": 0.20921152599630355,
        "block_frac_for_80": 0.6098188920454546,
        "num_pairs_sampled": 64,
        "grid": "90x160 latent spatial grid, abs diff mean over channels",
        "block": "4x4 on latent grid"
      }
    }
  },
  "aggregate_mean_over_samples": {
    "video_t_to_t1": {
      "top1_share": 0.12146424064429084,
      "top5_share": 0.36635203514601966,
      "top10_share": 0.5298959631560655,
      "frac_for_50": 0.0973245804398148,
      "frac_for_80": 0.2807020399305556,
      "gini": 0.6750775468441543,
      "support_over_mean": 0.25919379340277776,
      "changed_only_mean_ratio": 3.221667100376191,
      "block_support_over_mean": 0.29725378787878787,
      "block_top10_share": 0.44838570967671815,
      "block_frac_for_80": 0.34055989583333335
    },
    "video_t_to_t4": {
      "top1_share": 0.08132229240462313,
      "top5_share": 0.29131365306824036,
      "top10_share": 0.4565467314015245,
      "frac_for_50": 0.12468098958333333,
      "frac_for_80": 0.3198766637731481,
      "gini": 0.6251975393721992,
      "support_over_mean": 0.2961769386574074,
      "changed_only_mean_ratio": 2.795383262554506,
      "block_support_over_mean": 0.32027107007575756,
      "block_top10_share": 0.40708441950862445,
      "block_frac_for_80": 0.36461884469696965
    },
    "latent_t_to_t1": {
      "top1_share": 0.032166684531621206,
      "top5_share": 0.13132480037832422,
      "top10_share": 0.2309444176899654,
      "frac_for_50": 0.28700448495370373,
      "frac_for_80": 0.5941981336805555,
      "gini": 0.31487898603183095,
      "support_over_mean": 0.41001699942129627,
      "changed_only_mean_ratio": 1.5998691074467093,
      "block_support_over_mean": 0.41796283143939394,
      "block_top10_share": 0.2180729272818078,
      "block_frac_for_80": 0.6151041666666667
    }
  },
  "note": "video metrics computed on 64 evenly spaced frame pairs after pooling to 90x160; latent metrics on up to 64 evenly spaced latent pairs."
}