{
  "samples": {
    "wingsuit": {
      "video_t_to_t1": {
        "top1_share": 0.1347837269777851,
        "top5_share": 0.3738818681836291,
        "top10_share": 0.5236479222645194,
        "frac_for_50": 0.09422610960144927,
        "frac_for_80": 0.3070893719806763,
        "gini": 0.6545498514516344,
        "support_over_mean": 0.2495219089673913,
        "changed_only_mean_ratio": 3.114321159864826,
        "block_support_over_mean": 0.28202816205533593,
        "block_top10_share": 0.4492929644810311,
        "block_frac_for_80": 0.36967175148221343,
        "num_pairs": 736,
        "grid": "90x160 pooled from RGB frame diffs",
        "block": "4x4 on pooled grid"
      },
      "video_t_to_t4": {
        "top1_share": 0.09962475407563286,
        "top5_share": 0.33057175436403025,
        "top10_share": 0.4934780640313086,
        "frac_for_50": 0.10627842201000455,
        "frac_for_80": 0.31430280809458844,
        "gini": 0.6387960252783843,
        "support_over_mean": 0.26465713581931183,
        "changed_only_mean_ratio": 2.9608870158247824,
        "block_support_over_mean": 0.28386611682996404,
        "block_top10_share": 0.4434809227989337,
        "block_frac_for_80": 0.3631123651246434,
        "num_pairs": 733,
        "grid": "90x160 pooled from RGB frame diffs",
        "block": "4x4 on pooled grid"
      },
      "latent_t_to_t1": {
        "top1_share": 0.04180809976702276,
        "top5_share": 0.15949590890827148,
        "top10_share": 0.2678441506961148,
        "frac_for_50": 0.25746603260869566,
        "frac_for_80": 0.5817040307971014,
        "gini": 0.3485462629246658,
        "support_over_mean": 0.3550067934782608,
        "changed_only_mean_ratio": 1.7732134407400932,
        "block_support_over_mean": 0.35778162055335977,
        "block_top10_share": 0.2533080159850175,
        "block_frac_for_80": 0.6060894268774704,
        "num_pairs": 184,
        "grid": "90x160 latent spatial grid, abs diff mean over channels",
        "block": "4x4 on latent grid"
      }
    },
    "neon": {
      "video_t_to_t1": {
        "top1_share": 0.10748192455576408,
        "top5_share": 0.3519954472742012,
        "top10_share": 0.5200976085005525,
        "frac_for_50": 0.10935207201086956,
        "frac_for_80": 0.2800451955012077,
        "gini": 0.6687963041739803,
        "support_over_mean": 0.2724420667270531,
        "changed_only_mean_ratio": 3.285127288971956,
        "block_support_over_mean": 0.31569756669960475,
        "block_top10_share": 0.43658815971931614,
        "block_frac_for_80": 0.34005527420948617,
        "num_pairs": 736,
        "grid": "90x160 pooled from RGB frame diffs",
        "block": "4x4 on pooled grid"
      },
      "video_t_to_t4": {
        "top1_share": 0.05898190466050872,
        "top5_share": 0.23731809488911662,
        "top10_share": 0.3940723825696766,
        "frac_for_50": 0.16309932545096256,
        "frac_for_80": 0.3619556237683796,
        "gini": 0.5691508769728346,
        "support_over_mean": 0.3366003486433228,
        "changed_only_mean_ratio": 2.5622219720689308,
        "block_support_over_mean": 0.3618535284633511,
        "block_top10_share": 0.3520706857669997,
        "block_frac_for_80": 0.40440592831452316,
        "num_pairs": 733,
        "grid": "90x160 pooled from RGB frame diffs",
        "block": "4x4 on pooled grid"
      },
      "latent_t_to_t1": {
        "top1_share": 0.025477099764079105,
        "top5_share": 0.11145658459825508,
        "top10_share": 0.20322660241267235,
        "frac_for_50": 0.31613979468599035,
        "frac_for_80": 0.6150868055555555,
        "gini": 0.276762413654784,
        "support_over_mean": 0.446754981884058,
        "changed_only_mean_ratio": 1.479051920951196,
        "block_support_over_mean": 0.4533164525691699,
        "block_top10_share": 0.19339875354239028,
        "block_frac_for_80": 0.6332448122529645,
        "num_pairs": 184,
        "grid": "90x160 latent spatial grid, abs diff mean over channels",
        "block": "4x4 on latent grid"
      }
    },
    "avalanche": {
      "video_t_to_t1": {
        "top1_share": 0.12450539468304908,
        "top5_share": 0.37792188576343444,
        "top10_share": 0.5521780900832445,
        "frac_for_50": 0.08430470637077295,
        "frac_for_80": 0.2527787213164251,
        "gini": 0.7048856568950196,
        "support_over_mean": 0.2500000943538647,
        "changed_only_mean_ratio": 3.284952507060369,
        "block_support_over_mean": 0.2919790637351779,
        "block_top10_share": 0.45920321399722114,
        "block_frac_for_80": 0.3107892786561265,
        "num_pairs": 736,
        "grid": "90x160 pooled from RGB frame diffs",
        "block": "4x4 on pooled grid"
      },
      "video_t_to_t4": {
        "top1_share": 0.0806002691894401,
        "top5_share": 0.29152262975722293,
        "top10_share": 0.46153332129065944,
        "frac_for_50": 0.11688437926330152,
        "frac_for_80": 0.3047612551159618,
        "gini": 0.6427848070712231,
        "support_over_mean": 0.2931662119145066,
        "changed_only_mean_ratio": 2.776739929714667,
        "block_support_over_mean": 0.3226389061143495,
        "block_top10_share": 0.40560760413146263,
        "block_frac_for_80": 0.3490496713382116,
        "num_pairs": 733,
        "grid": "90x160 pooled from RGB frame diffs",
        "block": "4x4 on pooled grid"
      },
      "latent_t_to_t1": {
        "top1_share": 0.030220695287192352,
        "top5_share": 0.12609351338437536,
        "top10_share": 0.22503364791230904,
        "frac_for_50": 0.2842538496376812,
        "frac_for_80": 0.5858627717391305,
        "gini": 0.32205130912389984,
        "support_over_mean": 0.4227075785024154,
        "changed_only_mean_ratio": 1.5653070346515503,
        "block_support_over_mean": 0.43411561264822135,
        "block_top10_share": 0.21081402028320156,
        "block_frac_for_80": 0.6065526185770751,
        "num_pairs": 184,
        "grid": "90x160 latent spatial grid, abs diff mean over channels",
        "block": "4x4 on latent grid"
      }
    }
  },
  "aggregate_mean_over_samples": {
    "video_t_to_t1": {
      "top1_share": 0.12225701540553276,
      "top5_share": 0.3679330670737549,
      "top10_share": 0.5319745402827721,
      "frac_for_50": 0.0959609626610306,
      "frac_for_80": 0.279971096266103,
      "gini": 0.6760772708402114,
      "support_over_mean": 0.25732135668276973,
      "changed_only_mean_ratio": 3.228133651965717,
      "block_support_over_mean": 0.29656826416337284,
      "block_top10_share": 0.4483614460658561,
      "block_frac_for_80": 0.3401721014492754
    },
    "video_t_to_t4": {
      "top1_share": 0.07973564264186056,
      "top5_share": 0.28647082633678994,
      "top10_share": 0.44969458929721484,
      "frac_for_50": 0.12875404224142287,
      "frac_for_80": 0.3270065623263099,
      "gini": 0.6169105697741473,
      "support_over_mean": 0.29814123212571375,
      "changed_only_mean_ratio": 2.76661630586946,
      "block_support_over_mean": 0.3227861838025549,
      "block_top10_share": 0.40038640423246535,
      "block_frac_for_80": 0.3721893215924594
    },
    "latent_t_to_t1": {
      "top1_share": 0.03250196493943141,
      "top5_share": 0.13234866896363398,
      "top10_share": 0.2320348003403654,
      "frac_for_50": 0.2859532256441224,
      "frac_for_80": 0.5942178693639292,
      "gini": 0.31578666190111654,
      "support_over_mean": 0.40815645128824474,
      "changed_only_mean_ratio": 1.6058574654476132,
      "block_support_over_mean": 0.4150712285902503,
      "block_top10_share": 0.21917359660353644,
      "block_frac_for_80": 0.6152956192358366
    }
  }
}