{
  "samples": {
    "wingsuit": {
      "video_t_to_t1": {
        "top1_share": 0.15365650973047285,
        "top5_share": 0.4098484938632044,
        "top10_share": 0.5640857846759826,
        "frac_for_50": 0.0783530326511549,
        "frac_for_80": 0.2654085374915081,
        "gini": 0.6974221641880878,
        "support_over_mean": 0.23819024127462632,
        "changed_only_mean_ratio": 3.3442989437907142,
        "block_support_over_mean": 0.28202816205533593,
        "block_top10_share": 0.4492929632091897,
        "block_frac_for_80": 0.3696732954545454,
        "num_pairs": 736,
        "map": "mean abs RGB diff / 255 per pixel",
        "block": "32x32"
      },
      "video_t_to_t4": {
        "top1_share": 0.10597395222614527,
        "top5_share": 0.34770586731038583,
        "top10_share": 0.5160970274199922,
        "frac_for_50": 0.09741692335294454,
        "frac_for_80": 0.2851087704401622,
        "gini": 0.6680271805876044,
        "support_over_mean": 0.26251309336867135,
        "changed_only_mean_ratio": 3.065132983103538,
        "block_support_over_mean": 0.28386611682996404,
        "block_top10_share": 0.443480922183548,
        "block_frac_for_80": 0.3631123651246434,
        "num_pairs": 733,
        "map": "mean abs RGB diff / 255 per pixel",
        "block": "32x32"
      },
      "latent_t_to_t1": {
        "top1_share": 0.04180809976702276,
        "top5_share": 0.15949590890827148,
        "top10_share": 0.2678441506961148,
        "frac_for_50": 0.25746603260869566,
        "frac_for_80": 0.5817040307971014,
        "gini": 0.3485462629246658,
        "support_over_mean": 0.3550067934782608,
        "changed_only_mean_ratio": 1.7732134407400932,
        "block_support_over_mean": 0.35778162055335977,
        "block_top10_share": 0.2533080159850175,
        "block_frac_for_80": 0.6060894268774704,
        "num_pairs": 184,
        "map": "mean abs latent diff over channels per spatial location",
        "block": "4x4"
      }
    },
    "neon": {
      "video_t_to_t1": {
        "top1_share": 0.12661589457133515,
        "top5_share": 0.40046440368089337,
        "top10_share": 0.5703170279577282,
        "frac_for_50": 0.09365626680678214,
        "frac_for_80": 0.24819590398078956,
        "gini": 0.7021548903841845,
        "support_over_mean": 0.24542514377170138,
        "changed_only_mean_ratio": 3.806316575080498,
        "block_support_over_mean": 0.31569756669960475,
        "block_top10_share": 0.4365881591327065,
        "block_frac_for_80": 0.34005527420948617,
        "num_pairs": 736,
        "map": "mean abs RGB diff / 255 per pixel",
        "block": "32x32"
      },
      "video_t_to_t4": {
        "top1_share": 0.06308758837372179,
        "top5_share": 0.2545568826855072,
        "top10_share": 0.41812944093295784,
        "frac_for_50": 0.15295402236575337,
        "frac_for_80": 0.33939187704875323,
        "gini": 0.5919908786976099,
        "support_over_mean": 0.3208647973865962,
        "changed_only_mean_ratio": 2.7942821206614745,
        "block_support_over_mean": 0.3618535284633511,
        "block_top10_share": 0.3520706854364858,
        "block_frac_for_80": 0.40440592831452316,
        "num_pairs": 733,
        "map": "mean abs RGB diff / 255 per pixel",
        "block": "32x32"
      },
      "latent_t_to_t1": {
        "top1_share": 0.025477099764079105,
        "top5_share": 0.11145658459825508,
        "top10_share": 0.20322660241267235,
        "frac_for_50": 0.31613979468599035,
        "frac_for_80": 0.6150868055555555,
        "gini": 0.276762413654784,
        "support_over_mean": 0.446754981884058,
        "changed_only_mean_ratio": 1.479051920951196,
        "block_support_over_mean": 0.4533164525691699,
        "block_top10_share": 0.19339875354239028,
        "block_frac_for_80": 0.6332448122529645,
        "num_pairs": 184,
        "map": "mean abs latent diff over channels per spatial location",
        "block": "4x4"
      }
    },
    "avalanche": {
      "video_t_to_t1": {
        "top1_share": 0.1485363840974999,
        "top5_share": 0.4273431200744305,
        "top10_share": 0.6029084478760192,
        "frac_for_50": 0.06928375244140625,
        "frac_for_80": 0.22229489828653382,
        "gini": 0.7375452667787769,
        "support_over_mean": 0.2262169481360394,
        "changed_only_mean_ratio": 3.675213151965903,
        "block_support_over_mean": 0.2919790637351779,
        "block_top10_share": 0.4592032127999632,
        "block_frac_for_80": 0.3107892786561265,
        "num_pairs": 736,
        "map": "mean abs RGB diff / 255 per pixel",
        "block": "32x32"
      },
      "video_t_to_t4": {
        "top1_share": 0.08634954276865035,
        "top5_share": 0.3113256916748242,
        "top10_share": 0.4882402363997479,
        "frac_for_50": 0.10739938312395786,
        "frac_for_80": 0.28342235343716843,
        "gini": 0.6648232012691618,
        "support_over_mean": 0.2789575916965098,
        "changed_only_mean_ratio": 2.9611151036326495,
        "block_support_over_mean": 0.3226389061143495,
        "block_top10_share": 0.405607603788011,
        "block_frac_for_80": 0.3490496713382116,
        "num_pairs": 733,
        "map": "mean abs RGB diff / 255 per pixel",
        "block": "32x32"
      },
      "latent_t_to_t1": {
        "top1_share": 0.030220695287192352,
        "top5_share": 0.12609351338437536,
        "top10_share": 0.22503364791230904,
        "frac_for_50": 0.2842538496376812,
        "frac_for_80": 0.5858627717391305,
        "gini": 0.32205130912389984,
        "support_over_mean": 0.4227075785024154,
        "changed_only_mean_ratio": 1.5653070346515503,
        "block_support_over_mean": 0.43411561264822135,
        "block_top10_share": 0.21081402028320156,
        "block_frac_for_80": 0.6065526185770751,
        "num_pairs": 184,
        "map": "mean abs latent diff over channels per spatial location",
        "block": "4x4"
      }
    }
  },
  "aggregate_mean_over_samples": {
    "video_t_to_t1": {
      "top1_share": 0.14293626279976931,
      "top5_share": 0.41255200587284274,
      "top10_share": 0.5791037535032433,
      "frac_for_50": 0.0804310172997811,
      "frac_for_80": 0.2452997799196105,
      "gini": 0.7123741071170163,
      "support_over_mean": 0.23661077772745573,
      "changed_only_mean_ratio": 3.608609556945705,
      "block_support_over_mean": 0.29656826416337284,
      "block_top10_share": 0.4483614450472864,
      "block_frac_for_80": 0.34017261610671934
    },
    "video_t_to_t4": {
      "top1_share": 0.08513702778950581,
      "top5_share": 0.3045294805569057,
      "top10_share": 0.47415556825089933,
      "frac_for_50": 0.11925677628088525,
      "frac_for_80": 0.3026410003086946,
      "gini": 0.6416137535181253,
      "support_over_mean": 0.2874451608172591,
      "changed_only_mean_ratio": 2.9401767357992212,
      "block_support_over_mean": 0.3227861838025549,
      "block_top10_share": 0.4003864038026816,
      "block_frac_for_80": 0.3721893215924594
    },
    "latent_t_to_t1": {
      "top1_share": 0.03250196493943141,
      "top5_share": 0.13234866896363398,
      "top10_share": 0.2320348003403654,
      "frac_for_50": 0.2859532256441224,
      "frac_for_80": 0.5942178693639292,
      "gini": 0.31578666190111654,
      "support_over_mean": 0.40815645128824474,
      "changed_only_mean_ratio": 1.6058574654476132,
      "block_support_over_mean": 0.4150712285902503,
      "block_top10_share": 0.21917359660353644,
      "block_frac_for_80": 0.6152956192358366
    }
  }
}