{
  "wingsuit": {
    "frame_t_to_t1": {
      "mae": 9.141536712646484,
      "rmse": 23.614389419555664,
      "median_abs": 2.0,
      "mean_signed": 0.09809598326683044,
      "normalized_mae_255": 0.03584916357900582
    },
    "frame_t_to_t4": {
      "mae": 18.97832679748535,
      "rmse": 40.36618423461914,
      "median_abs": 5.0,
      "mean_signed": 0.3942556083202362,
      "normalized_mae_255": 0.07442481097053079
    },
    "latent_t_to_t1": {
      "mae": 0.32102951407432556,
      "rmse": 0.5067489147186279,
      "median_abs": 0.18359375,
      "mean_signed": 0.0017867389833554626
    }
  },
  "neon": {
    "frame_t_to_t1": {
      "mae": 22.6325626373291,
      "rmse": 51.071868896484375,
      "median_abs": 3.0,
      "mean_signed": 0.011427802965044975,
      "normalized_mae_255": 0.08875514759736902
    },
    "frame_t_to_t4": {
      "mae": 51.47233963012695,
      "rmse": 88.74788665771484,
      "median_abs": 14.0,
      "mean_signed": -0.012412388809025288,
      "normalized_mae_255": 0.20185231227500766
    },
    "latent_t_to_t1": {
      "mae": 0.7317546010017395,
      "rmse": 1.0324993133544922,
      "median_abs": 0.5009765625,
      "mean_signed": -0.00032239063875749707
    }
  },
  "avalanche": {
    "frame_t_to_t1": {
      "mae": 12.59383773803711,
      "rmse": 32.93347930908203,
      "median_abs": 2.0,
      "mean_signed": -0.04257533699274063,
      "normalized_mae_255": 0.04938759897269455
    },
    "frame_t_to_t4": {
      "mae": 26.977388381958008,
      "rmse": 54.44239044189453,
      "median_abs": 7.0,
      "mean_signed": -0.11314791440963745,
      "normalized_mae_255": 0.10579367992924708
    },
    "latent_t_to_t1": {
      "mae": 0.4713570773601532,
      "rmse": 0.6850572228431702,
      "median_abs": 0.306640625,
      "mean_signed": 0.0009192362776957452
    }
  }
}