{
  "name": "neon",
  "latent_steps": 185,
  "fps": 6,
  "duration_sec": 30.833333333333332,
  "grid_vmax_99_5_abs": 3.46875,
  "heat_vmax_99_5_absmean": 1.8233413696289062,
  "pca_mean": [
    0.8304798007011414,
    1.099047303199768,
    -0.17275157570838928,
    -0.3656689524650574,
    0.4143531620502472,
    -0.5198166966438293,
    0.23817799985408783,
    -0.025772681459784508,
    0.16710765659809113,
    0.3995530605316162,
    -0.13500480353832245,
    -0.49996036291122437,
    -0.5584354996681213,
    1.2167123556137085,
    0.2879498302936554,
    -0.18184269964694977
  ],
  "pca_basis": [
    [
      -0.023090653121471405,
      -0.4224259555339813,
      0.36530885100364685
    ],
    [
      0.06066574901342392,
      0.14654339849948883,
      0.5278621315956116
    ],
    [
      0.4311583936214447,
      0.1302734613418579,
      -0.2632008194923401
    ],
    [
      0.42586225271224976,
      0.005331982392817736,
      -0.11053160578012466
    ],
    [
      -0.0600023977458477,
      0.39095398783683777,
      -0.04533695802092552
    ],
    [
      -0.01300728414207697,
      -0.15679174661636353,
      -0.42346638441085815
    ],
    [
      -0.10008037835359573,
      0.30567190051078796,
      0.1695423126220703
    ],
    [
      -0.26272496581077576,
      -0.48215600848197937,
      0.06142677739262581
    ],
    [
      -0.2493172287940979,
      0.21242880821228027,
      -0.05929325893521309
    ],
    [
      -0.21035705506801605,
      0.05797385424375534,
      0.10203148424625397
    ],
    [
      0.16692610085010529,
      -0.30415356159210205,
      -0.0004203255521133542
    ],
    [
      0.32551413774490356,
      0.13696333765983582,
      0.2892917990684509
    ],
    [
      -0.1037096232175827,
      0.2670849561691284,
      0.23384331166744232
    ],
    [
      -0.23660676181316376,
      0.07519810646772385,
      0.1279115527868271
    ],
    [
      0.26777225732803345,
      -0.20198464393615723,
      0.3393974304199219
    ],
    [
      0.40871375799179077,
      0.046915993094444275,
      0.09311999380588531
    ]
  ],
  "pca_low_p1": [
    -5.578930377960205,
    -5.9541425704956055,
    -3.7699365615844727
  ],
  "pca_high_p99": [
    7.643694877624512,
    4.6439409255981445,
    2.7365689277648926
  ],
  "grid_video": "/root/LatentsCompress/examples/vbench_codec/latent_visualization_videos/neon/neon_latent_grid.mp4",
  "heatmap_video": "/root/LatentsCompress/examples/vbench_codec/latent_visualization_videos/neon/neon_latent_heatmap.mp4",
  "pca_rgb_video": "/root/LatentsCompress/examples/vbench_codec/latent_visualization_videos/neon/neon_latent_pca_rgb.mp4",
  "preview_triptych": "/root/LatentsCompress/examples/vbench_codec/latent_visualization_videos/neon/neon_preview_triptych.png"
}