{
  "family": "wan_ti2v_5b",
  "latent_group_size": 1,
  "stream_conv2_cache": true,
  "cases": [
    {
      "latent_path": "/workspace/video_bench/wan22_ti2v5b_vbench_16x4_seed42/latents/000_subject_consistency_r00_p003_a_person_eating_a_burger.pt",
      "meta": {
        "task": "ti2v-5B",
        "prompt": "a person eating a burger",
        "size": "1280*704",
        "frame_num": 121,
        "fps": 24,
        "seed": 42
      },
      "full_decode": {
        "shape": [
          3,
          121,
          704,
          1280
        ],
        "time_sec": 17.431026032194495,
        "fps_equivalent": 6.941645303983669
      },
      "stream_decode": {
        "shape": [
          3,
          121,
          704,
          1280
        ],
        "time_sec": 18.49043490178883,
        "fps_equivalent": 6.543923960830907
      },
      "time_compare": {
        "stream_minus_full_sec": 1.0594088695943356,
        "stream_over_full_ratio": 1.060777195079489,
        "stream_slower_percent": 6.077719507948909
      },
      "quality_compare": {
        "same_shape": true,
        "float_exact_equal": false,
        "float_mse": 1.9393153706914745e-05,
        "float_mae": 0.0018293090397492051,
        "float_max_abs": 0.30227553844451904,
        "uint8_exact_equal": false,
        "uint8_mse": 0.1603221595287323,
        "uint8_psnr": 56.080868067238264
      }
    }
  ],
  "summary": {
    "case_count": 1,
    "mean_full_decode_sec": 17.431026032194495,
    "mean_stream_decode_sec": 18.49043490178883,
    "mean_stream_over_full_ratio": 1.060777195079489,
    "mean_stream_slower_percent": 6.077719507948909,
    "mean_uint8_psnr": 56.080868067238264,
    "mean_uint8_mse": 0.1603221595287323,
    "all_same_shape": true,
    "all_float_exact_equal": false,
    "all_uint8_exact_equal": false,
    "max_float_max_abs": 0.30227553844451904
  }
}